ProductID,ProductCategory,ProductCostPerUnit,IsNewProduct
P-1,Electronics,386.41,0
P-4,Pharma,341.49,1
P-4,Pharma,281.36,1
P-2,FMCG,191.62,0
P-3,Auto Parts,398.81,1
P-4,Pharma,311.65,1
P-1,Electronics,448.21,0
P-2,FMCG,134.26,0
P-1,Electronics,275.24,1
P-1,Electronics,128.34,1
P-4,Pharma,124.25,0
P-1,Electronics,487.6,0
P-2,FMCG,161.92,1
P-1,Electronics,261.51,0
P-2,FMCG,282.89,1
P-1,Electronics,344.67,1
P-1,Electronics,302.16,1
P-1,Electronics,318.24,0
P-2,FMCG,445.84,0
P-2,FMCG,428.21,1
P-2,FMCG,115.3,1
P-3,Auto Parts,349.26,1
P-1,Electronics,221.55,0
P-3,Auto Parts,189.86,1
P-1,Electronics,421.64,0
P-4,Pharma,397.46,0
P-3,Auto Parts,377.58,1
P-1,Electronics,102.36,1
P-4,Pharma,462.77,0
P-1,Electronics,288.12,0
P-1,Electronics,286.01,0
P-3,Auto Parts,140.76,0
P-1,Electronics,382.92,1
P-3,Auto Parts,111.48,1
P-2,FMCG,376.24,0
P-4,Pharma,240.72,1
P-3,Auto Parts,218.5,0
P-3,Auto Parts,486.2,0
P-4,Pharma,342.53,1
P-2,FMCG,169.53,0
P-1,Electronics,270.06,0
P-2,FMCG,132.18,1
P-4,Pharma,172.6,1
P-4,Pharma,135.22,1
P-1,Electronics,275.25,1
P-1,Electronics,299.35,0
P-3,Auto Parts,428.22,1
P-3,Auto Parts,117.46,1
P-4,Pharma,129.93,0
P-3,Auto Parts,498.97,1
P-4,Pharma,326.37,1
P-2,FMCG,129.54,0
P-3,Auto Parts,103.24,1
P-1,Electronics,223.57,0
P-3,Auto Parts,202.79,0
P-4,Pharma,281.91,0
P-3,Auto Parts,146.67,1
P-1,Electronics,361.97,1
P-4,Pharma,175.92,1
P-4,Pharma,415.46,0
P-3,Auto Parts,150.7,0
P-1,Electronics,124.33,0
P-4,Pharma,252.36,1
P-3,Auto Parts,225.02,0
P-3,Auto Parts,368.01,1
P-4,Pharma,329.64,1
P-1,Electronics,398.44,0
P-4,Pharma,294.26,1
P-3,Auto Parts,406.94,0
P-3,Auto Parts,444.71,1
P-1,Electronics,135.25,1
P-2,FMCG,240.44,1
P-2,FMCG,372.45,1
P-3,Auto Parts,130.69,1
P-1,Electronics,199.1,0
P-4,Pharma,233.34,0
P-2,FMCG,107.29,1
P-2,FMCG,338.9,0
P-2,FMCG,284.67,1
P-4,Pharma,209.12,0
P-2,FMCG,435.67,0
P-2,FMCG,144.47,1
P-3,Auto Parts,387.42,0
P-1,Electronics,117.41,1
P-3,Auto Parts,352.69,1
P-1,Electronics,214.44,0
P-1,Electronics,390.83,0
P-2,FMCG,209.82,1
P-1,Electronics,244.86,1
P-1,Electronics,465.42,1
P-3,Auto Parts,383.82,1
P-3,Auto Parts,286.96,1
P-2,FMCG,151.33,1
P-2,FMCG,354.02,0
P-2,FMCG,360.45,1
P-4,Pharma,181.61,1
P-3,Auto Parts,478.15,1
P-4,Pharma,302.18,1
P-2,FMCG,260.23,0
P-2,FMCG,179.62,0
P-1,Electronics,337.49,1
P-4,Pharma,168.2,1
P-4,Pharma,449.13,1
P-1,Electronics,344.03,1
P-2,FMCG,458.3,1
P-3,Auto Parts,346.27,0
P-2,FMCG,290.98,1
P-3,Auto Parts,450.7,1
P-1,Electronics,387.44,1
P-3,Auto Parts,253.43,1
P-3,Auto Parts,376.12,1
P-3,Auto Parts,310.2,0
P-3,Auto Parts,459.56,0
P-1,Electronics,237.81,1
P-1,Electronics,361.41,0
P-2,FMCG,112.89,0
P-1,Electronics,193.66,1
P-3,Auto Parts,118.75,1
P-4,Pharma,322.91,1
P-2,FMCG,291.76,0
P-3,Auto Parts,223.37,1
P-4,Pharma,218.08,1
P-2,FMCG,466.76,0
P-1,Electronics,363.71,1
P-4,Pharma,426.09,1
P-4,Pharma,122.45,1
P-2,FMCG,373.77,0
P-1,Electronics,416.2,0
P-1,Electronics,272.74,1
P-4,Pharma,477.18,0
P-3,Auto Parts,104.94,1
P-1,Electronics,244.45,0
P-4,Pharma,228.27,1
P-2,FMCG,372.69,0
P-4,Pharma,332.9,1
P-4,Pharma,203.5,0
P-2,FMCG,239.33,0
P-2,FMCG,471.97,0
P-2,FMCG,255.53,1
P-2,FMCG,344.52,1
P-3,Auto Parts,267.3,1
P-4,Pharma,293.84,0
P-4,Pharma,167.28,1
P-4,Pharma,279.89,0
P-1,Electronics,338.74,1
P-3,Auto Parts,351.13,1
P-1,Electronics,440.04,1
P-4,Pharma,106.51,1
P-2,FMCG,258.54,0
P-2,FMCG,495.26,0
P-2,FMCG,312.2,0
P-2,FMCG,225.8,1
P-3,Auto Parts,299.83,0
P-1,Electronics,115.93,0
P-4,Pharma,224.07,0
P-2,FMCG,165.53,0
P-3,Auto Parts,298.46,0
P-1,Electronics,468.09,1
P-1,Electronics,127.57,1
P-3,Auto Parts,392.99,0
P-2,FMCG,296.81,1
P-2,FMCG,364.98,1
P-3,Auto Parts,279.83,0
P-1,Electronics,487.36,0
P-1,Electronics,152.29,0
P-3,Auto Parts,469.65,0
P-4,Pharma,358.91,0
P-4,Pharma,237.61,1
P-3,Auto Parts,489.59,0
P-2,FMCG,325.24,0
P-4,Pharma,467.51,0
P-3,Auto Parts,154.58,1
P-4,Pharma,440.3,1
P-1,Electronics,278.65,1
P-2,FMCG,140.57,1
P-2,FMCG,235.18,0
P-4,Pharma,218.96,1
P-4,Pharma,355.28,0
P-4,Pharma,286.02,1
P-3,Auto Parts,329.09,1
P-3,Auto Parts,131.35,1
P-2,FMCG,145.01,1
P-1,Electronics,115.51,1
P-3,Auto Parts,409.61,1
P-4,Pharma,169.49,0
P-2,FMCG,248.99,0
P-2,FMCG,207.63,0
P-1,Electronics,440.63,1
P-2,FMCG,204.46,1
P-3,Auto Parts,333.21,0
P-2,FMCG,361.77,1
P-2,FMCG,300.19,0
P-4,Pharma,225.37,0
P-4,Pharma,313.51,0
P-1,Electronics,219.28,0
P-3,Auto Parts,149.26,0
P-1,Electronics,182.2,0
P-1,Electronics,343.6,0
P-2,FMCG,479.78,0
P-1,Electronics,138.0,0
P-1,Electronics,375.96,1
P-4,Pharma,344.54,1
P-2,FMCG,307.64,1
P-1,Electronics,228.25,1
P-3,Auto Parts,261.38,0
P-1,Electronics,386.66,1
P-4,Pharma,175.02,0
P-4,Pharma,321.29,0
P-4,Pharma,421.92,1
P-3,Auto Parts,333.12,1
P-4,Pharma,376.24,0
P-1,Electronics,486.33,1
P-3,Auto Parts,116.25,1
P-3,Auto Parts,415.96,1
P-1,Electronics,244.32,1
P-4,Pharma,109.88,1
P-3,Auto Parts,368.13,0
P-4,Pharma,329.98,0
P-3,Auto Parts,215.93,0
P-1,Electronics,482.96,1
P-2,FMCG,164.38,0
P-3,Auto Parts,242.86,1
P-2,FMCG,225.29,0
P-4,Pharma,436.72,0
P-2,FMCG,361.56,1
P-4,Pharma,278.49,0
P-2,FMCG,452.62,1
P-3,Auto Parts,306.55,0
P-3,Auto Parts,364.44,0
P-3,Auto Parts,456.32,0
P-2,FMCG,417.85,0
P-2,FMCG,430.61,1
P-2,FMCG,415.82,1
P-1,Electronics,250.01,0
P-3,Auto Parts,171.49,1
P-4,Pharma,420.34,1
P-1,Electronics,345.59,1
P-1,Electronics,195.7,1
P-2,FMCG,238.99,1
P-2,FMCG,450.45,1
P-3,Auto Parts,380.33,0
P-3,Auto Parts,449.1,0
P-2,FMCG,493.76,0
P-3,Auto Parts,375.68,1
P-2,FMCG,267.64,0
P-3,Auto Parts,289.19,0
P-4,Pharma,397.84,1
P-3,Auto Parts,252.43,0
P-2,FMCG,208.5,1
P-3,Auto Parts,125.52,0
P-1,Electronics,152.51,0
P-1,Electronics,309.38,1
P-3,Auto Parts,375.11,0
P-4,Pharma,431.37,1
P-1,Electronics,208.85,1
P-2,FMCG,297.43,0
P-3,Auto Parts,426.9,1
P-1,Electronics,163.44,1
P-1,Electronics,415.66,1
P-1,Electronics,150.33,0
P-3,Auto Parts,175.91,1
P-3,Auto Parts,393.46,1
P-3,Auto Parts,138.5,0
P-1,Electronics,119.63,1
P-1,Electronics,131.17,1
P-1,Electronics,381.02,1
P-1,Electronics,343.37,1
P-2,FMCG,185.93,0
P-3,Auto Parts,327.63,1
P-1,Electronics,239.17,1
P-4,Pharma,161.28,0
P-4,Pharma,300.73,1
P-2,FMCG,368.7,0
P-3,Auto Parts,179.87,0
P-1,Electronics,181.52,0
P-3,Auto Parts,126.64,0
P-3,Auto Parts,115.9,0
P-3,Auto Parts,456.16,1
P-1,Electronics,488.21,1
P-3,Auto Parts,227.0,0
P-1,Electronics,173.9,0
P-3,Auto Parts,296.58,1
P-2,FMCG,455.03,1
P-1,Electronics,323.08,0
P-1,Electronics,389.06,0
P-2,FMCG,353.63,1
P-4,Pharma,215.51,1
P-2,FMCG,197.89,0
P-2,FMCG,497.49,1
P-3,Auto Parts,377.85,0
P-4,Pharma,470.84,1
P-4,Pharma,233.52,0
P-2,FMCG,177.61,0
P-4,Pharma,322.07,1
P-3,Auto Parts,134.72,1
P-3,Auto Parts,461.98,1
P-3,Auto Parts,374.82,0
P-1,Electronics,409.11,1
P-3,Auto Parts,168.51,0
P-3,Auto Parts,346.53,1
P-2,FMCG,465.14,1
P-3,Auto Parts,262.27,0
P-1,Electronics,413.73,1
P-3,Auto Parts,374.2,0
P-4,Pharma,182.26,0
P-3,Auto Parts,143.88,1
P-1,Electronics,435.99,1
P-2,FMCG,349.3,1
P-4,Pharma,113.38,1
P-4,Pharma,373.63,0
P-3,Auto Parts,390.79,1
P-1,Electronics,210.09,1
P-1,Electronics,435.05,0
P-4,Pharma,220.55,1
P-2,FMCG,482.47,1
P-3,Auto Parts,225.31,0
P-1,Electronics,480.2,0
P-1,Electronics,407.74,1
P-3,Auto Parts,344.12,0
P-4,Pharma,473.16,0
P-3,Auto Parts,148.48,1
P-3,Auto Parts,487.01,0
P-3,Auto Parts,299.87,1
P-4,Pharma,114.75,0
P-1,Electronics,427.12,0
P-4,Pharma,148.3,0
P-4,Pharma,102.89,0
P-3,Auto Parts,350.88,0
P-3,Auto Parts,210.57,0
P-2,FMCG,396.17,0
P-2,FMCG,139.23,0
P-2,FMCG,387.93,1
P-3,Auto Parts,341.45,1
P-2,FMCG,456.73,0
P-2,FMCG,377.26,0
P-2,FMCG,285.5,1
P-4,Pharma,415.08,0
P-3,Auto Parts,195.45,1
P-4,Pharma,280.79,1
P-1,Electronics,217.27,0
P-2,FMCG,362.3,1
P-4,Pharma,482.49,1
P-2,FMCG,182.06,0
P-3,Auto Parts,488.06,0
P-3,Auto Parts,109.92,1
P-2,FMCG,370.83,1
P-4,Pharma,237.97,1
P-4,Pharma,289.85,1
P-3,Auto Parts,116.89,1
P-3,Auto Parts,111.38,0
P-4,Pharma,284.42,1
P-3,Auto Parts,339.5,0
P-3,Auto Parts,468.36,1
P-2,FMCG,155.61,1
P-3,Auto Parts,409.88,0
P-1,Electronics,412.95,0
P-2,FMCG,311.54,0
P-3,Auto Parts,263.03,0
P-3,Auto Parts,374.82,1
P-2,FMCG,147.69,0
P-1,Electronics,402.52,1
P-4,Pharma,395.12,0
P-4,Pharma,180.77,1
P-4,Pharma,453.88,1
P-4,Pharma,346.78,1
P-3,Auto Parts,240.51,1
P-2,FMCG,206.65,1
P-1,Electronics,180.7,1
P-1,Electronics,270.84,1
P-1,Electronics,330.74,0
P-4,Pharma,353.57,0
P-3,Auto Parts,358.77,1
P-2,FMCG,446.87,1
P-4,Pharma,422.34,1
P-4,Pharma,289.94,1
P-3,Auto Parts,461.26,1
P-2,FMCG,415.73,1
P-1,Electronics,281.3,1
P-1,Electronics,280.6,1
P-2,FMCG,462.74,0
P-2,FMCG,430.9,1
P-2,FMCG,111.51,0
P-2,FMCG,394.44,1
P-1,Electronics,332.19,0
P-4,Pharma,213.17,1
P-3,Auto Parts,382.39,0
P-4,Pharma,172.26,1
P-3,Auto Parts,434.79,0
P-1,Electronics,445.31,0
P-3,Auto Parts,411.8,1
P-2,FMCG,290.58,1
P-4,Pharma,310.91,1
P-1,Electronics,320.4,0
P-1,Electronics,414.47,0
P-1,Electronics,448.65,1
P-1,Electronics,105.55,0
P-1,Electronics,159.27,1
P-1,Electronics,491.79,1
P-3,Auto Parts,457.15,1
P-4,Pharma,468.69,1
P-4,Pharma,140.36,1
P-4,Pharma,347.03,0
P-2,FMCG,429.44,0
P-1,Electronics,198.13,0
P-3,Auto Parts,459.23,1
P-3,Auto Parts,364.07,0
P-1,Electronics,455.03,0
P-4,Pharma,304.67,0
P-3,Auto Parts,149.53,1
P-1,Electronics,142.09,0
P-2,FMCG,335.3,1
P-4,Pharma,377.79,0
P-1,Electronics,217.59,1
P-2,FMCG,326.31,1
P-4,Pharma,483.23,0
P-3,Auto Parts,301.06,1
P-2,FMCG,443.86,0
P-3,Auto Parts,172.58,1
P-3,Auto Parts,479.74,1
P-3,Auto Parts,221.85,0
P-1,Electronics,209.32,1
P-4,Pharma,453.57,1
P-3,Auto Parts,460.58,0
P-4,Pharma,149.91,0
P-2,FMCG,297.14,1
P-2,FMCG,398.39,0
P-2,FMCG,372.07,0
P-3,Auto Parts,483.11,1
P-2,FMCG,483.52,0
P-3,Auto Parts,124.8,0
P-1,Electronics,281.36,0
P-4,Pharma,242.16,1
P-4,Pharma,216.43,1
P-2,FMCG,346.44,1
P-2,FMCG,173.7,1
P-3,Auto Parts,169.66,1
P-2,FMCG,247.86,0
P-2,FMCG,441.77,0
P-2,FMCG,299.44,1
P-3,Auto Parts,328.55,1
P-3,Auto Parts,247.0,1
P-3,Auto Parts,470.64,1
P-1,Electronics,212.74,1
P-4,Pharma,389.0,1
P-1,Electronics,235.93,1
P-4,Pharma,125.48,1
P-4,Pharma,213.53,1
P-1,Electronics,151.97,0
P-4,Pharma,464.12,1
P-4,Pharma,283.13,1
P-2,FMCG,130.61,1
P-3,Auto Parts,258.67,0
P-1,Electronics,342.8,0
P-1,Electronics,434.6,0
P-1,Electronics,111.18,1
P-2,FMCG,473.73,0
P-4,Pharma,359.98,1
P-1,Electronics,491.21,1
P-1,Electronics,347.91,0
P-3,Auto Parts,308.35,0
P-3,Auto Parts,276.94,0
P-4,Pharma,224.59,1
P-2,FMCG,269.08,1
P-4,Pharma,128.78,1
P-4,Pharma,263.52,0
P-1,Electronics,352.38,1
P-2,FMCG,307.41,0
P-4,Pharma,425.69,1
P-2,FMCG,249.86,0
P-2,FMCG,447.34,0
P-3,Auto Parts,366.13,0
P-1,Electronics,476.4,0
P-4,Pharma,305.97,1
P-1,Electronics,393.71,0
P-2,FMCG,401.3,0
P-1,Electronics,136.18,1
P-2,FMCG,397.85,0
P-3,Auto Parts,142.63,0
P-4,Pharma,209.38,0
P-4,Pharma,390.96,1
P-2,FMCG,152.36,0
P-1,Electronics,371.33,0
P-2,FMCG,198.0,1
P-4,Pharma,148.0,0
P-4,Pharma,125.4,1
P-2,FMCG,420.21,1
P-2,FMCG,220.24,0
P-3,Auto Parts,482.97,0
P-2,FMCG,476.08,1
P-2,FMCG,208.05,0
P-4,Pharma,335.53,1
P-1,Electronics,290.74,1
P-1,Electronics,300.89,1
P-4,Pharma,321.66,1
P-1,Electronics,197.69,1
P-1,Electronics,432.69,0
P-1,Electronics,123.0,1
P-4,Pharma,264.29,0
P-1,Electronics,164.73,1
P-4,Pharma,483.88,1
P-1,Electronics,406.95,0
P-3,Auto Parts,445.67,0
P-2,FMCG,209.54,0
P-2,FMCG,144.02,1
P-3,Auto Parts,173.94,1
P-3,Auto Parts,184.01,1
P-1,Electronics,495.86,1
P-2,FMCG,166.77,0
P-2,FMCG,173.63,0
P-2,FMCG,470.9,1
P-1,Electronics,229.85,1
P-1,Electronics,181.57,1
P-4,Pharma,359.03,0
P-2,FMCG,251.15,0
P-1,Electronics,426.19,1
P-4,Pharma,464.87,0
P-4,Pharma,147.34,1
P-1,Electronics,208.44,0
P-3,Auto Parts,157.87,1
P-2,FMCG,312.99,1
P-4,Pharma,244.34,1
P-2,FMCG,248.67,1
P-1,Electronics,399.24,0
P-3,Auto Parts,371.96,1
P-3,Auto Parts,426.62,0
P-3,Auto Parts,126.13,0
P-3,Auto Parts,225.79,0
P-3,Auto Parts,372.95,0
P-1,Electronics,195.64,1
P-1,Electronics,241.35,1
P-4,Pharma,246.69,1
P-3,Auto Parts,163.28,1
P-1,Electronics,231.49,1
P-4,Pharma,415.82,1
P-2,FMCG,309.91,1
P-3,Auto Parts,241.88,1
P-4,Pharma,299.78,0
P-4,Pharma,186.45,1
P-2,FMCG,145.35,1
P-4,Pharma,346.5,0
P-4,Pharma,265.17,1
P-4,Pharma,436.31,1
P-3,Auto Parts,261.25,0
P-2,FMCG,137.31,0
P-2,FMCG,408.16,1
P-3,Auto Parts,297.7,0
P-2,FMCG,104.06,1
P-1,Electronics,307.2,0
P-2,FMCG,383.23,1
P-4,Pharma,273.39,1
P-3,Auto Parts,259.32,1
P-3,Auto Parts,326.99,1
P-2,FMCG,227.11,1
P-2,FMCG,357.47,0
P-1,Electronics,401.48,1
P-3,Auto Parts,444.56,1
P-2,FMCG,207.96,1
P-2,FMCG,190.33,1
P-3,Auto Parts,141.81,1
P-3,Auto Parts,211.14,0
P-3,Auto Parts,206.23,1
P-1,Electronics,175.78,1
P-3,Auto Parts,210.18,0
P-4,Pharma,301.3,0
P-4,Pharma,489.75,0
P-2,FMCG,402.0,0
P-1,Electronics,145.1,1
P-1,Electronics,355.49,1
P-4,Pharma,326.66,1
P-3,Auto Parts,106.24,1
P-3,Auto Parts,385.28,0
P-2,FMCG,325.56,0
P-3,Auto Parts,138.42,1
P-3,Auto Parts,414.65,1
P-3,Auto Parts,233.39,0
P-3,Auto Parts,220.36,0
P-1,Electronics,219.97,0
P-2,FMCG,292.19,1
P-1,Electronics,113.63,1
P-4,Pharma,169.8,0
P-3,Auto Parts,151.77,1
P-3,Auto Parts,142.17,0
P-4,Pharma,251.05,1
P-2,FMCG,181.42,0
P-1,Electronics,420.64,0
P-4,Pharma,256.17,1
P-2,FMCG,235.22,0
P-3,Auto Parts,479.96,0
P-1,Electronics,313.67,0
P-1,Electronics,195.27,0
P-1,Electronics,499.24,0
P-4,Pharma,412.08,1
P-2,FMCG,248.96,0
P-2,FMCG,441.83,1
P-1,Electronics,464.02,0
P-3,Auto Parts,165.02,1
P-2,FMCG,149.72,0
P-3,Auto Parts,210.58,0
P-3,Auto Parts,373.78,0
P-3,Auto Parts,145.27,1
P-2,FMCG,348.77,1
P-1,Electronics,483.45,0
P-4,Pharma,225.93,1
P-2,FMCG,470.29,0
P-4,Pharma,450.56,0
P-1,Electronics,378.77,1
P-3,Auto Parts,215.72,1
P-2,FMCG,297.32,1
P-4,Pharma,215.14,0
P-2,FMCG,102.67,0
P-1,Electronics,445.8,0
P-1,Electronics,176.16,1
P-1,Electronics,480.33,0
P-2,FMCG,293.69,1
P-2,FMCG,146.33,1
P-3,Auto Parts,204.64,1
P-4,Pharma,314.41,0
P-1,Electronics,443.89,1
P-2,FMCG,116.91,1
P-1,Electronics,108.06,1
P-2,FMCG,271.81,1
P-4,Pharma,280.91,0
P-1,Electronics,337.36,1
P-4,Pharma,318.24,1
P-2,FMCG,275.04,0
P-1,Electronics,346.04,1
P-2,FMCG,266.52,1
P-1,Electronics,237.98,0
P-2,FMCG,211.99,0
P-1,Electronics,290.19,0
P-1,Electronics,312.27,1
P-2,FMCG,408.3,1
P-4,Pharma,466.32,1
P-1,Electronics,296.12,1
P-1,Electronics,225.69,0
P-3,Auto Parts,133.59,1
P-3,Auto Parts,173.0,0
P-3,Auto Parts,171.2,1
P-3,Auto Parts,431.8,1
P-2,FMCG,203.29,0
P-1,Electronics,163.5,0
P-3,Auto Parts,201.03,0
P-3,Auto Parts,468.94,0
P-2,FMCG,132.15,1
P-2,FMCG,367.37,1
P-2,FMCG,454.24,0
P-2,FMCG,235.83,0
P-4,Pharma,285.97,0
P-1,Electronics,203.46,1
P-4,Pharma,179.05,1
P-4,Pharma,406.73,1
P-3,Auto Parts,133.62,0
P-2,FMCG,252.77,0
P-1,Electronics,377.7,0
P-4,Pharma,362.89,1
P-4,Pharma,316.58,1
P-1,Electronics,352.55,0
P-3,Auto Parts,400.56,0
P-4,Pharma,320.03,1
P-2,FMCG,260.02,0
P-3,Auto Parts,478.2,1
P-2,FMCG,217.19,0
P-2,FMCG,388.82,1
P-1,Electronics,386.65,1
P-4,Pharma,232.01,0
P-4,Pharma,452.07,0
P-3,Auto Parts,333.29,0
P-1,Electronics,293.6,0
P-1,Electronics,259.4,0
P-3,Auto Parts,491.75,0
P-3,Auto Parts,227.54,0
P-2,FMCG,410.96,1
P-4,Pharma,371.14,1
P-4,Pharma,177.44,0
P-2,FMCG,414.32,1
P-2,FMCG,405.08,1
P-4,Pharma,230.27,1
P-2,FMCG,199.94,1
P-4,Pharma,449.58,0
P-2,FMCG,173.66,0
P-4,Pharma,106.48,1
P-1,Electronics,344.01,1
P-1,Electronics,102.54,1
P-1,Electronics,409.2,0
P-2,FMCG,193.19,1
P-3,Auto Parts,137.14,0
P-1,Electronics,477.96,0
P-4,Pharma,450.38,1
P-3,Auto Parts,446.54,0
P-3,Auto Parts,350.12,1
P-3,Auto Parts,140.05,0
P-2,FMCG,151.28,1
P-3,Auto Parts,199.91,0
P-3,Auto Parts,434.15,0
P-4,Pharma,362.18,1
P-3,Auto Parts,137.83,0
P-1,Electronics,179.47,0
P-2,FMCG,211.37,0
P-4,Pharma,123.69,0
P-2,FMCG,182.33,0
P-3,Auto Parts,128.16,0
P-3,Auto Parts,196.52,1
P-4,Pharma,197.1,1
P-4,Pharma,244.28,0
P-4,Pharma,352.21,0
P-3,Auto Parts,396.28,1
P-2,FMCG,355.79,1
P-2,FMCG,402.71,1
P-4,Pharma,345.37,1
P-3,Auto Parts,158.15,0
P-1,Electronics,382.7,1
P-3,Auto Parts,314.14,1
P-2,FMCG,458.34,0
P-2,FMCG,315.36,1
P-3,Auto Parts,392.15,1
P-2,FMCG,173.2,1
P-2,FMCG,108.16,1
P-1,Electronics,354.59,0
P-2,FMCG,474.12,0
P-1,Electronics,413.63,1
P-1,Electronics,464.75,1
P-4,Pharma,343.87,1
P-3,Auto Parts,429.5,0
P-4,Pharma,118.09,0
P-1,Electronics,452.78,1
P-3,Auto Parts,116.72,1
P-2,FMCG,442.2,1
P-1,Electronics,196.7,0
P-4,Pharma,180.26,1
P-4,Pharma,322.74,1
P-3,Auto Parts,252.49,0
P-4,Pharma,373.15,0
P-3,Auto Parts,272.69,0
P-1,Electronics,230.4,1
P-2,FMCG,220.13,1
P-4,Pharma,493.45,1
P-2,FMCG,134.3,0
P-1,Electronics,215.9,0
P-2,FMCG,138.83,1
P-4,Pharma,127.56,1
P-3,Auto Parts,440.5,1
P-3,Auto Parts,152.26,0
P-1,Electronics,387.65,1
P-4,Pharma,161.6,0
P-1,Electronics,179.81,0
P-1,Electronics,342.18,1
P-3,Auto Parts,175.28,0
P-2,FMCG,212.58,1
P-1,Electronics,327.68,0
P-3,Auto Parts,285.45,1
P-4,Pharma,106.56,0
P-3,Auto Parts,241.35,0
P-3,Auto Parts,344.65,1
P-3,Auto Parts,353.55,1
P-4,Pharma,253.66,0
P-3,Auto Parts,189.33,0
P-3,Auto Parts,309.4,0
P-2,FMCG,278.67,0
P-2,FMCG,321.03,1
P-3,Auto Parts,389.11,0
P-4,Pharma,296.98,0
P-4,Pharma,291.48,0
P-2,FMCG,183.53,0
P-1,Electronics,163.95,1
P-3,Auto Parts,254.98,0
P-2,FMCG,186.57,0
P-3,Auto Parts,441.07,0
P-1,Electronics,266.99,1
P-1,Electronics,282.1,0
P-3,Auto Parts,489.16,0
P-1,Electronics,323.58,1
P-2,FMCG,262.8,1
P-3,Auto Parts,280.31,1
P-2,FMCG,307.83,0
P-3,Auto Parts,162.28,1
P-2,FMCG,148.43,1
P-1,Electronics,354.09,1
P-4,Pharma,403.62,1
P-3,Auto Parts,137.98,1
P-4,Pharma,236.03,0
P-4,Pharma,353.93,1
P-4,Pharma,462.65,0
P-1,Electronics,192.9,0
P-2,FMCG,175.47,0
P-4,Pharma,198.83,0
P-3,Auto Parts,399.44,0
P-4,Pharma,212.33,1
P-3,Auto Parts,200.64,0
P-3,Auto Parts,339.1,1
P-2,FMCG,182.29,0
P-3,Auto Parts,126.62,0
P-3,Auto Parts,225.26,1
P-1,Electronics,103.94,0
P-3,Auto Parts,181.26,1
P-2,FMCG,368.46,0
P-4,Pharma,274.66,1
P-3,Auto Parts,241.31,1
P-3,Auto Parts,296.38,0
P-4,Pharma,438.36,0
P-3,Auto Parts,211.41,1
P-2,FMCG,457.97,1
P-2,FMCG,230.19,0
P-3,Auto Parts,281.98,0
P-2,FMCG,414.55,1
P-4,Pharma,219.81,1
P-4,Pharma,385.16,1
P-2,FMCG,241.91,1
P-4,Pharma,352.27,0
P-4,Pharma,499.46,0
P-4,Pharma,327.72,1
P-2,FMCG,131.99,0
P-3,Auto Parts,190.48,0
P-4,Pharma,285.74,0
P-1,Electronics,161.62,1
P-1,Electronics,339.19,0
P-1,Electronics,153.39,0
P-3,Auto Parts,458.82,0
P-4,Pharma,342.59,1
P-1,Electronics,196.27,0
P-2,FMCG,387.46,0
P-1,Electronics,285.4,1
P-3,Auto Parts,159.27,1
P-2,FMCG,184.42,0
P-3,Auto Parts,471.62,1
P-2,FMCG,100.9,1
P-1,Electronics,470.25,0
P-3,Auto Parts,266.23,1
P-2,FMCG,405.96,0
P-4,Pharma,158.33,0
P-2,FMCG,433.8,0
P-4,Pharma,266.21,1
P-3,Auto Parts,414.46,0
P-2,FMCG,130.04,1
P-3,Auto Parts,227.32,1
P-2,FMCG,137.19,1
P-1,Electronics,132.8,0
P-1,Electronics,123.75,0
P-4,Pharma,100.58,1
P-2,FMCG,153.18,1
P-1,Electronics,277.36,1
P-2,FMCG,399.33,0
P-2,FMCG,357.7,1
P-3,Auto Parts,143.93,0
P-3,Auto Parts,351.01,0
P-1,Electronics,351.54,0
P-3,Auto Parts,375.89,0
P-2,FMCG,138.74,1
P-4,Pharma,375.6,1
P-1,Electronics,492.28,0
P-3,Auto Parts,347.46,0
P-2,FMCG,143.41,1
P-2,FMCG,162.96,1
P-1,Electronics,419.58,0
P-1,Electronics,155.88,0
P-1,Electronics,410.12,0
P-1,Electronics,387.69,0
P-3,Auto Parts,160.23,0
P-3,Auto Parts,135.48,1
P-3,Auto Parts,414.06,0
P-1,Electronics,420.8,1
P-4,Pharma,259.88,0
P-1,Electronics,141.64,0
P-3,Auto Parts,388.45,0
P-2,FMCG,408.81,0
P-3,Auto Parts,183.57,0
P-3,Auto Parts,342.58,0
P-1,Electronics,403.36,1
P-4,Pharma,144.81,1
P-1,Electronics,343.9,1
P-1,Electronics,177.88,1
P-2,FMCG,476.27,1
P-3,Auto Parts,244.53,0
P-1,Electronics,303.63,1
P-1,Electronics,412.1,1
P-2,FMCG,421.31,0
P-2,FMCG,135.86,1
P-2,FMCG,143.34,0
P-2,FMCG,282.87,0
P-1,Electronics,434.39,0
P-1,Electronics,273.66,0
P-4,Pharma,492.19,1
P-3,Auto Parts,367.09,0
P-4,Pharma,344.83,0
P-3,Auto Parts,106.73,1
P-4,Pharma,398.35,0
P-4,Pharma,281.55,0
P-2,FMCG,341.17,0
P-1,Electronics,129.73,1
P-3,Auto Parts,194.6,0
P-3,Auto Parts,140.94,0
P-4,Pharma,263.37,1
P-4,Pharma,246.03,0
P-2,FMCG,474.82,1
P-4,Pharma,271.98,0
P-3,Auto Parts,453.0,1
P-1,Electronics,256.2,1
P-2,FMCG,302.32,1
P-2,FMCG,365.43,0
P-4,Pharma,284.27,1
P-2,FMCG,165.77,1
P-3,Auto Parts,140.89,1
P-1,Electronics,429.94,1
P-2,FMCG,134.4,0
P-4,Pharma,195.26,0
P-3,Auto Parts,324.59,1
P-2,FMCG,482.22,0
P-4,Pharma,485.81,1
P-3,Auto Parts,249.0,1
P-2,FMCG,322.22,1
P-1,Electronics,387.74,1
P-4,Pharma,394.82,0
P-1,Electronics,164.06,1
P-4,Pharma,324.82,1
P-2,FMCG,387.32,0
P-4,Pharma,396.4,0
P-1,Electronics,322.38,1
P-4,Pharma,172.18,0
P-4,Pharma,383.17,1
P-2,FMCG,206.12,0
P-4,Pharma,194.51,1
P-1,Electronics,365.6,1
P-2,FMCG,119.37,1
P-2,FMCG,151.8,0
P-1,Electronics,252.11,1
P-1,Electronics,443.94,1
P-3,Auto Parts,386.27,0
P-3,Auto Parts,222.78,1
P-2,FMCG,166.54,0
P-4,Pharma,431.11,0
P-1,Electronics,269.28,1
P-1,Electronics,117.65,0
P-1,Electronics,317.75,0
P-3,Auto Parts,385.05,1
P-1,Electronics,278.73,1
P-3,Auto Parts,131.57,0
P-2,FMCG,120.23,0
P-4,Pharma,226.67,0
P-3,Auto Parts,140.82,1
P-1,Electronics,333.15,1
P-4,Pharma,436.41,0
P-1,Electronics,471.12,1
P-1,Electronics,489.01,1
P-1,Electronics,338.27,1
P-1,Electronics,191.73,1
P-1,Electronics,241.62,1
P-4,Pharma,304.68,1
P-4,Pharma,301.01,0
P-2,FMCG,108.82,1
P-1,Electronics,236.69,0
P-1,Electronics,271.57,0
P-2,FMCG,318.68,0
P-1,Electronics,350.64,1
P-4,Pharma,388.95,0
P-1,Electronics,182.86,1
P-4,Pharma,171.57,1
P-4,Pharma,296.01,1
P-1,Electronics,441.72,0
P-4,Pharma,217.64,0
P-4,Pharma,313.36,1
P-4,Pharma,277.64,1
P-1,Electronics,236.86,1
P-4,Pharma,118.86,1
P-4,Pharma,372.87,1
P-1,Electronics,459.1,0
P-1,Electronics,206.71,0
P-3,Auto Parts,201.64,1
P-3,Auto Parts,196.37,1
P-2,FMCG,141.86,1
P-2,FMCG,165.09,1
P-1,Electronics,148.45,0
P-1,Electronics,385.95,1
P-1,Electronics,335.85,0
P-4,Pharma,101.4,0
P-3,Auto Parts,461.99,0
P-3,Auto Parts,246.91,0
P-2,FMCG,288.99,0
P-4,Pharma,108.91,0
P-4,Pharma,244.48,1
P-1,Electronics,212.13,0
P-4,Pharma,142.09,0
P-3,Auto Parts,125.35,0
P-3,Auto Parts,454.97,1
P-3,Auto Parts,476.64,1
P-3,Auto Parts,492.42,0
P-3,Auto Parts,337.46,1
P-1,Electronics,446.08,0
P-2,FMCG,232.92,1
P-4,Pharma,262.25,0
P-4,Pharma,420.08,1
P-3,Auto Parts,484.37,1
P-2,FMCG,137.9,1
P-1,Electronics,373.04,0
P-1,Electronics,445.13,0
P-3,Auto Parts,472.3,0
P-3,Auto Parts,475.08,0
P-4,Pharma,463.72,0
P-3,Auto Parts,477.16,1
P-1,Electronics,222.7,1
P-3,Auto Parts,225.24,1
P-4,Pharma,442.4,1
P-1,Electronics,417.83,0
P-1,Electronics,224.67,1
P-2,FMCG,462.93,0
P-3,Auto Parts,308.9,0
P-1,Electronics,166.99,1
P-4,Pharma,421.48,0
P-3,Auto Parts,154.11,0
P-1,Electronics,380.44,0
P-1,Electronics,387.14,1
P-2,FMCG,242.34,1
P-1,Electronics,444.24,0
P-2,FMCG,300.43,0
P-3,Auto Parts,411.52,1
P-4,Pharma,140.56,0
P-1,Electronics,489.64,1
P-3,Auto Parts,111.2,1
P-3,Auto Parts,274.63,0
P-3,Auto Parts,470.12,1
P-3,Auto Parts,154.68,1
P-1,Electronics,185.4,1
P-4,Pharma,391.96,1
P-3,Auto Parts,119.44,1
P-2,FMCG,144.59,0
P-1,Electronics,174.52,1
P-2,FMCG,179.25,0
P-3,Auto Parts,355.97,0
P-4,Pharma,258.84,1
P-4,Pharma,357.92,1
P-2,FMCG,156.65,0
P-1,Electronics,184.43,1
P-4,Pharma,191.65,1
P-3,Auto Parts,362.74,1
P-3,Auto Parts,326.49,0
P-3,Auto Parts,424.48,0
P-2,FMCG,462.37,1
P-4,Pharma,152.74,0
P-1,Electronics,231.53,1
P-3,Auto Parts,419.82,1
P-1,Electronics,469.34,1
P-1,Electronics,490.02,1
P-2,FMCG,239.91,1
P-2,FMCG,239.47,1
P-4,Pharma,401.19,0
P-3,Auto Parts,300.2,1
P-4,Pharma,220.54,1
P-3,Auto Parts,252.6,1
P-2,FMCG,232.31,0
P-4,Pharma,188.51,1
P-3,Auto Parts,183.16,1
P-3,Auto Parts,161.2,0
P-1,Electronics,478.9,1
P-3,Auto Parts,153.78,0
P-1,Electronics,275.02,0
P-4,Pharma,168.25,1
P-3,Auto Parts,123.4,1
P-4,Pharma,314.73,0
P-2,FMCG,385.04,1
P-2,FMCG,194.28,0
P-4,Pharma,171.28,1
P-1,Electronics,145.19,0
P-3,Auto Parts,303.43,1
P-3,Auto Parts,349.57,1
P-4,Pharma,326.9,1
P-1,Electronics,469.62,1
P-4,Pharma,365.63,1
P-1,Electronics,117.44,0
P-2,FMCG,317.38,1
P-4,Pharma,276.9,1
P-2,FMCG,385.94,0
P-2,FMCG,475.06,1
P-1,Electronics,187.74,0
P-4,Pharma,230.65,0
P-2,FMCG,443.12,0
P-2,FMCG,273.62,0
P-1,Electronics,239.73,0
P-1,Electronics,442.52,0
P-2,FMCG,316.41,0
P-4,Pharma,181.66,1
P-2,FMCG,157.09,1
P-4,Pharma,262.25,1
P-2,FMCG,206.09,0
P-2,FMCG,107.23,0
P-3,Auto Parts,204.76,1
P-1,Electronics,336.87,0
P-3,Auto Parts,465.59,1
P-1,Electronics,221.21,1
P-2,FMCG,464.06,1
P-4,Pharma,417.25,1
P-3,Auto Parts,432.17,1
P-3,Auto Parts,353.32,0
P-2,FMCG,140.56,1
P-3,Auto Parts,192.13,1
P-2,FMCG,114.66,0
P-1,Electronics,305.19,0
P-2,FMCG,148.89,0
P-4,Pharma,211.69,1
P-1,Electronics,351.64,1
P-3,Auto Parts,316.12,0
P-3,Auto Parts,401.69,1
P-1,Electronics,400.25,1
P-3,Auto Parts,400.79,1
P-1,Electronics,330.84,1
P-2,FMCG,398.45,0
P-2,FMCG,376.03,0
P-1,Electronics,155.94,1
P-2,FMCG,366.26,1
P-3,Auto Parts,364.01,0
P-2,FMCG,422.9,1
P-4,Pharma,114.99,0
P-1,Electronics,281.32,1
P-2,FMCG,475.39,1
P-3,Auto Parts,415.53,0
P-3,Auto Parts,213.59,1
P-1,Electronics,153.3,1
P-2,FMCG,126.51,1
P-4,Pharma,317.59,1
P-4,Pharma,432.95,1
P-2,FMCG,289.96,0
P-4,Pharma,483.37,1
P-1,Electronics,135.79,1
P-1,Electronics,147.98,0
P-3,Auto Parts,430.02,0
P-3,Auto Parts,333.34,0
P-4,Pharma,360.62,0
P-3,Auto Parts,168.29,0
P-4,Pharma,282.47,1
P-2,FMCG,257.22,0
P-2,FMCG,227.42,1
P-2,FMCG,319.42,0
P-3,Auto Parts,419.33,1
P-1,Electronics,255.28,0
P-3,Auto Parts,273.82,0
P-2,FMCG,354.37,0
P-1,Electronics,445.29,1
P-2,FMCG,305.34,0
P-3,Auto Parts,264.63,0
P-2,FMCG,374.65,0
P-2,FMCG,121.51,0
P-2,FMCG,361.95,0
P-3,Auto Parts,495.03,1
P-3,Auto Parts,239.89,0
P-1,Electronics,381.44,1
P-3,Auto Parts,331.27,0
P-3,Auto Parts,390.42,1
P-4,Pharma,420.41,1
P-1,Electronics,300.18,1
P-2,FMCG,224.4,1
P-3,Auto Parts,385.41,0
P-4,Pharma,183.94,0
P-4,Pharma,388.7,0
P-3,Auto Parts,469.05,1
P-4,Pharma,490.38,1
P-2,FMCG,172.82,0
P-1,Electronics,256.28,0
P-4,Pharma,198.36,0
P-3,Auto Parts,457.12,1
P-2,FMCG,226.56,0
P-2,FMCG,137.39,0
P-1,Electronics,462.33,0
P-3,Auto Parts,107.54,1
P-3,Auto Parts,149.0,1
P-3,Auto Parts,218.6,1
P-3,Auto Parts,498.81,1
P-4,Pharma,290.36,1
P-3,Auto Parts,170.55,0
P-3,Auto Parts,410.6,1
P-3,Auto Parts,158.87,1
P-2,FMCG,432.05,1
P-4,Pharma,330.85,1
P-3,Auto Parts,173.75,1
P-4,Pharma,455.27,0
P-1,Electronics,413.01,1
P-2,FMCG,150.89,0
P-4,Pharma,387.41,1
P-3,Auto Parts,302.27,0
P-3,Auto Parts,174.47,0
P-3,Auto Parts,197.87,0
P-2,FMCG,378.06,1
P-2,FMCG,148.98,0
P-3,Auto Parts,260.6,1
P-4,Pharma,172.32,0
P-2,FMCG,200.75,1
P-2,FMCG,166.49,0
P-3,Auto Parts,294.05,1
P-2,FMCG,336.28,0
P-1,Electronics,243.19,0
P-1,Electronics,431.82,0
P-3,Auto Parts,394.85,1
P-4,Pharma,320.99,0
P-3,Auto Parts,168.1,1
P-1,Electronics,345.81,0
P-1,Electronics,377.93,0
P-1,Electronics,256.37,0
P-3,Auto Parts,493.22,0
P-4,Pharma,283.91,0
P-4,Pharma,140.03,1
P-1,Electronics,167.29,1
P-4,Pharma,267.21,0
P-3,Auto Parts,292.68,1
P-2,FMCG,221.89,0
P-4,Pharma,451.39,1
P-4,Pharma,475.35,0
P-4,Pharma,401.16,1
P-3,Auto Parts,319.2,0
P-2,FMCG,370.5,1
P-1,Electronics,328.4,1
P-1,Electronics,405.01,0
P-2,FMCG,285.46,0
P-1,Electronics,483.06,0
P-1,Electronics,203.39,1
P-2,FMCG,481.54,1
P-2,FMCG,264.91,0
P-4,Pharma,360.51,0
P-3,Auto Parts,269.19,0
P-1,Electronics,354.24,0
P-4,Pharma,394.31,0
P-2,FMCG,320.53,0
P-4,Pharma,241.94,1
P-4,Pharma,499.23,1
P-3,Auto Parts,213.48,1
P-3,Auto Parts,259.26,1
P-4,Pharma,280.38,1
P-4,Pharma,341.25,0
P-1,Electronics,482.63,0
P-2,FMCG,113.27,0
P-4,Pharma,432.66,1
P-4,Pharma,451.74,0
P-3,Auto Parts,439.83,1
P-2,FMCG,296.08,1
P-2,FMCG,336.31,0
P-2,FMCG,399.92,1
P-2,FMCG,135.93,1
P-2,FMCG,391.57,0
P-3,Auto Parts,335.13,0
P-1,Electronics,372.39,0
P-4,Pharma,256.7,0
P-3,Auto Parts,341.96,0
P-3,Auto Parts,446.26,1
P-2,FMCG,337.6,0
P-3,Auto Parts,445.42,0
P-2,FMCG,171.92,1
P-4,Pharma,306.77,1
P-1,Electronics,349.54,0
P-1,Electronics,402.79,1
P-3,Auto Parts,424.53,1
P-2,FMCG,239.14,1
P-2,FMCG,193.89,0
P-1,Electronics,419.91,1
P-3,Auto Parts,121.59,1
P-1,Electronics,185.52,1
P-3,Auto Parts,255.34,1
P-2,FMCG,420.52,1
P-3,Auto Parts,185.08,1
P-2,FMCG,203.31,0
P-2,FMCG,346.74,1
P-2,FMCG,376.02,1
P-4,Pharma,493.87,1
P-2,FMCG,392.05,1
P-4,Pharma,391.17,0
P-4,Pharma,436.74,0
P-2,FMCG,226.02,1
P-2,FMCG,425.55,1
P-3,Auto Parts,387.44,0
P-1,Electronics,426.65,0
P-3,Auto Parts,310.34,1
P-4,Pharma,222.38,1
P-3,Auto Parts,257.99,0
P-1,Electronics,232.22,1
P-4,Pharma,308.41,1
P-2,FMCG,473.18,1
P-2,FMCG,423.96,1
P-2,FMCG,333.55,0
P-1,Electronics,285.62,0
P-4,Pharma,363.14,0
P-2,FMCG,287.46,0
P-2,FMCG,395.13,1
P-2,FMCG,389.03,1
P-3,Auto Parts,362.88,0
P-1,Electronics,473.43,0
P-2,FMCG,114.36,0
P-4,Pharma,225.55,1
P-1,Electronics,167.06,1
P-2,FMCG,172.16,0
P-1,Electronics,255.21,1
P-1,Electronics,364.54,1
P-4,Pharma,105.31,1
P-2,FMCG,347.15,1
P-2,FMCG,401.02,0
P-3,Auto Parts,449.48,0
P-3,Auto Parts,126.56,0
P-2,FMCG,193.41,1
P-2,FMCG,315.02,1
P-4,Pharma,468.63,0
P-1,Electronics,456.5,1
P-3,Auto Parts,215.45,1
P-2,FMCG,149.25,1
P-4,Pharma,207.47,0
P-1,Electronics,354.27,0
P-4,Pharma,156.04,1
P-1,Electronics,242.41,1
P-2,FMCG,237.31,1
P-2,FMCG,482.68,0
P-3,Auto Parts,185.46,1
P-1,Electronics,389.23,0
P-2,FMCG,294.35,0
P-4,Pharma,157.12,0
P-2,FMCG,490.72,1
P-3,Auto Parts,202.44,0
P-2,FMCG,173.68,0
P-3,Auto Parts,176.98,0
P-3,Auto Parts,300.24,0
P-3,Auto Parts,354.66,1
P-2,FMCG,207.0,0
P-4,Pharma,163.7,1
P-3,Auto Parts,181.02,1
P-4,Pharma,229.59,0
P-3,Auto Parts,346.36,0
P-1,Electronics,298.84,0
P-2,FMCG,254.64,0
P-2,FMCG,255.44,0
P-3,Auto Parts,172.61,0
P-4,Pharma,141.95,0
P-2,FMCG,467.06,1
P-4,Pharma,497.59,0
P-1,Electronics,441.29,1
P-4,Pharma,498.57,0
P-2,FMCG,229.57,0
P-1,Electronics,215.73,0
P-4,Pharma,195.54,0
P-1,Electronics,132.96,0
P-3,Auto Parts,395.84,1
P-1,Electronics,247.7,0
P-3,Auto Parts,255.89,0
P-3,Auto Parts,303.7,1
P-4,Pharma,495.31,1
P-1,Electronics,172.39,0
P-3,Auto Parts,390.52,0
P-4,Pharma,165.89,0
P-2,FMCG,140.93,1
P-3,Auto Parts,170.11,0
P-2,FMCG,200.23,1
P-2,FMCG,433.65,0
P-4,Pharma,280.94,0
P-4,Pharma,187.98,1
P-3,Auto Parts,370.12,1
P-2,FMCG,476.92,0
P-1,Electronics,280.87,1
P-2,FMCG,211.81,0
P-2,FMCG,134.81,1
P-2,FMCG,488.47,0
P-2,FMCG,184.66,0
P-4,Pharma,125.6,1
P-3,Auto Parts,360.36,1
P-1,Electronics,468.0,0
P-4,Pharma,428.55,0
P-4,Pharma,109.62,1
P-4,Pharma,358.85,1
P-2,FMCG,449.48,0
P-1,Electronics,363.64,1
P-4,Pharma,257.17,1
P-4,Pharma,472.14,1
P-4,Pharma,350.19,1
P-4,Pharma,384.38,1
P-2,FMCG,217.08,0
P-1,Electronics,137.44,0
P-2,FMCG,178.85,1
P-2,FMCG,426.84,1
P-2,FMCG,252.48,0
P-3,Auto Parts,249.68,0
P-1,Electronics,214.34,0
P-1,Electronics,209.78,0
P-4,Pharma,144.0,1
P-4,Pharma,274.37,0
P-4,Pharma,126.27,1
P-3,Auto Parts,494.96,0
P-2,FMCG,315.77,1
P-4,Pharma,202.02,0
P-3,Auto Parts,150.02,1
P-1,Electronics,179.37,1
P-1,Electronics,395.54,1
P-4,Pharma,262.69,1
P-4,Pharma,178.51,1
P-2,FMCG,404.91,0
P-1,Electronics,260.53,0
P-2,FMCG,143.12,0
P-4,Pharma,377.07,1
P-4,Pharma,115.76,0
P-2,FMCG,260.26,0
P-1,Electronics,126.39,0
P-1,Electronics,119.75,0
P-2,FMCG,239.52,0
P-3,Auto Parts,298.88,1
P-4,Pharma,262.21,0
P-4,Pharma,451.64,1
P-2,FMCG,134.25,1
P-3,Auto Parts,160.92,1
P-4,Pharma,231.86,1
P-2,FMCG,409.55,1
P-2,FMCG,140.67,0
P-3,Auto Parts,263.23,0
P-1,Electronics,380.7,1
P-3,Auto Parts,388.14,0
P-4,Pharma,366.5,0
P-2,FMCG,111.72,0
P-4,Pharma,197.54,1
P-4,Pharma,393.13,0
P-4,Pharma,366.78,1
P-1,Electronics,483.77,0
P-2,FMCG,195.6,0
P-1,Electronics,298.36,1
P-3,Auto Parts,225.07,1
P-4,Pharma,367.12,0
P-3,Auto Parts,269.56,0
P-4,Pharma,467.07,0
P-4,Pharma,247.72,0
P-4,Pharma,286.62,1
P-1,Electronics,466.14,0
P-1,Electronics,423.56,1
P-2,FMCG,258.83,0
P-3,Auto Parts,238.5,1
P-1,Electronics,321.98,1
P-2,FMCG,209.26,0
P-4,Pharma,169.01,1
P-3,Auto Parts,418.44,1
P-2,FMCG,340.09,1
P-3,Auto Parts,273.48,0
P-3,Auto Parts,244.72,1
P-4,Pharma,375.24,0
P-4,Pharma,248.9,0
P-4,Pharma,454.3,1
P-4,Pharma,174.23,1
P-1,Electronics,470.79,1
P-2,FMCG,411.79,0
P-1,Electronics,132.78,0
P-2,FMCG,233.87,1
P-3,Auto Parts,306.71,1
P-1,Electronics,279.45,1
P-4,Pharma,256.79,0
P-2,FMCG,268.64,0
P-2,FMCG,399.89,1
P-3,Auto Parts,410.88,1
P-1,Electronics,262.33,0
P-4,Pharma,339.13,1
P-3,Auto Parts,231.45,0
P-1,Electronics,382.64,0
P-2,FMCG,223.42,1
P-1,Electronics,264.54,1
P-1,Electronics,458.9,0
P-3,Auto Parts,227.81,1
P-2,FMCG,137.15,1
P-2,FMCG,369.82,1
P-2,FMCG,170.29,1
P-2,FMCG,343.51,1
P-4,Pharma,149.84,1
P-2,FMCG,335.62,1
P-3,Auto Parts,485.35,0
P-3,Auto Parts,253.74,0
P-3,Auto Parts,412.62,1
P-2,FMCG,149.75,1
P-2,FMCG,329.19,1
P-4,Pharma,340.43,1
P-2,FMCG,478.14,0
P-2,FMCG,178.47,0
P-4,Pharma,255.25,0
P-4,Pharma,278.45,0
P-3,Auto Parts,223.25,0
P-2,FMCG,395.39,1
P-3,Auto Parts,236.78,0
P-2,FMCG,425.97,0
P-3,Auto Parts,415.02,1
P-4,Pharma,368.49,1
P-4,Pharma,376.66,0
P-2,FMCG,186.51,0
P-4,Pharma,204.46,0
P-3,Auto Parts,435.32,0
P-4,Pharma,242.14,0
P-3,Auto Parts,382.35,1
P-1,Electronics,313.0,1
P-1,Electronics,329.69,1
P-2,FMCG,199.78,0
P-3,Auto Parts,457.48,0
P-4,Pharma,156.54,0
P-3,Auto Parts,123.55,0
P-2,FMCG,168.2,1
P-4,Pharma,151.8,1
P-4,Pharma,157.9,0
P-3,Auto Parts,169.4,0
P-2,FMCG,448.25,1
P-3,Auto Parts,391.2,1
P-4,Pharma,103.65,1
P-3,Auto Parts,324.05,0
P-3,Auto Parts,482.93,0
P-2,FMCG,252.0,1
P-2,FMCG,270.84,1
P-4,Pharma,233.89,1
P-3,Auto Parts,488.29,1
P-2,FMCG,411.46,1
P-1,Electronics,434.85,0
P-3,Auto Parts,327.09,0
P-3,Auto Parts,249.89,0
P-4,Pharma,472.56,1
P-4,Pharma,384.24,0
P-3,Auto Parts,444.36,0
P-4,Pharma,215.43,1
P-4,Pharma,219.57,1
P-2,FMCG,240.2,1
P-1,Electronics,443.93,1
P-2,FMCG,365.6,0
P-3,Auto Parts,287.32,1
P-4,Pharma,160.66,1
P-3,Auto Parts,162.15,0
P-3,Auto Parts,201.79,0
P-4,Pharma,284.59,0
P-4,Pharma,329.85,1
P-4,Pharma,260.72,1
P-2,FMCG,486.82,0
P-3,Auto Parts,262.08,1
P-2,FMCG,421.84,0
P-4,Pharma,271.67,1
P-1,Electronics,437.16,0
P-3,Auto Parts,418.92,0
P-3,Auto Parts,435.0,1
P-3,Auto Parts,489.91,1
P-1,Electronics,496.55,0
P-4,Pharma,158.91,1
P-4,Pharma,202.68,1
P-3,Auto Parts,191.79,0
P-1,Electronics,170.06,1
P-2,FMCG,417.07,1
P-2,FMCG,467.31,1
P-2,FMCG,326.5,1
P-2,FMCG,201.46,0
P-4,Pharma,283.0,1
P-4,Pharma,205.68,0
P-4,Pharma,254.81,1
P-3,Auto Parts,222.67,1
P-3,Auto Parts,403.28,0
P-3,Auto Parts,453.26,1
P-4,Pharma,122.07,0
P-2,FMCG,192.73,0
P-2,FMCG,372.02,0
P-3,Auto Parts,444.59,1
P-3,Auto Parts,489.77,0
P-3,Auto Parts,455.09,0
P-1,Electronics,200.64,0
P-3,Auto Parts,288.4,0
P-1,Electronics,246.63,1
P-4,Pharma,242.2,0
P-4,Pharma,303.08,1
P-2,FMCG,300.07,1
P-4,Pharma,129.45,1
P-1,Electronics,337.36,0
P-3,Auto Parts,497.97,0
P-2,FMCG,361.25,1
P-4,Pharma,307.56,1
P-4,Pharma,356.28,0
P-2,FMCG,371.51,0
P-2,FMCG,308.68,0
P-2,FMCG,415.01,1
P-1,Electronics,157.3,0
P-1,Electronics,385.76,0
P-2,FMCG,373.56,0
P-1,Electronics,198.51,0
P-2,FMCG,473.36,1
P-3,Auto Parts,294.99,0
P-3,Auto Parts,337.49,0
P-3,Auto Parts,344.5,1
P-1,Electronics,492.26,0
P-1,Electronics,215.66,0
P-4,Pharma,117.65,0
P-4,Pharma,263.05,0
P-3,Auto Parts,170.44,1
P-4,Pharma,286.44,0
P-1,Electronics,456.68,1
P-4,Pharma,272.44,1
P-3,Auto Parts,271.41,1
P-2,FMCG,143.09,1
P-4,Pharma,335.94,1
P-1,Electronics,408.98,0
P-1,Electronics,225.64,1
P-4,Pharma,150.96,0
P-2,FMCG,140.92,1
P-2,FMCG,294.37,1
P-4,Pharma,314.68,1
P-2,FMCG,352.52,1
P-3,Auto Parts,425.83,0
P-2,FMCG,306.27,0
P-1,Electronics,300.93,0
P-3,Auto Parts,478.55,0
P-3,Auto Parts,101.48,1
P-2,FMCG,240.24,1
P-1,Electronics,190.34,1
P-2,FMCG,338.21,1
P-1,Electronics,134.45,1
P-3,Auto Parts,292.02,0
P-2,FMCG,359.04,1
P-1,Electronics,487.9,1
P-2,FMCG,272.17,0
P-1,Electronics,400.05,1
P-4,Pharma,389.72,0
P-4,Pharma,133.27,0
P-1,Electronics,362.06,0
P-3,Auto Parts,479.47,1
P-4,Pharma,310.51,0
P-3,Auto Parts,302.7,1
P-1,Electronics,415.36,0
P-4,Pharma,203.26,1
P-3,Auto Parts,228.19,0
P-1,Electronics,106.32,0
P-4,Pharma,170.08,0
P-4,Pharma,129.4,0
P-2,FMCG,392.11,1
P-2,FMCG,189.27,1
P-2,FMCG,159.74,1
P-2,FMCG,404.81,1
P-4,Pharma,375.45,1
P-2,FMCG,398.33,0
P-1,Electronics,448.48,0
P-2,FMCG,255.81,0
P-3,Auto Parts,432.05,1
P-1,Electronics,434.58,1
P-3,Auto Parts,239.94,0
P-1,Electronics,433.93,1
P-2,FMCG,147.09,1
P-1,Electronics,277.97,1
P-1,Electronics,135.11,0
P-3,Auto Parts,466.17,0
P-4,Pharma,392.21,0
P-4,Pharma,305.35,0
P-4,Pharma,334.95,1
P-3,Auto Parts,356.1,1
P-3,Auto Parts,284.82,0
P-4,Pharma,122.72,0
P-1,Electronics,386.2,0
P-3,Auto Parts,471.88,0
P-4,Pharma,292.83,1
P-4,Pharma,200.59,1
P-3,Auto Parts,437.1,0
P-4,Pharma,474.72,0
P-3,Auto Parts,192.83,0
P-4,Pharma,479.22,0
P-1,Electronics,482.47,0
P-2,FMCG,320.49,0
P-2,FMCG,116.85,1
P-2,FMCG,415.71,1
P-2,FMCG,381.48,1
P-3,Auto Parts,170.75,1
P-4,Pharma,410.17,1
P-4,Pharma,382.98,0
P-3,Auto Parts,129.71,0
P-4,Pharma,195.29,1
P-3,Auto Parts,294.36,1
P-3,Auto Parts,392.8,1
P-4,Pharma,298.54,0
P-1,Electronics,495.9,0
P-4,Pharma,253.43,0
P-3,Auto Parts,195.34,0
P-2,FMCG,423.33,0
P-1,Electronics,369.54,0
P-3,Auto Parts,464.42,0
P-1,Electronics,120.93,0
P-2,FMCG,429.05,0
P-4,Pharma,388.42,1
P-4,Pharma,269.53,0
P-4,Pharma,388.82,0
P-2,FMCG,144.35,0
P-3,Auto Parts,447.12,0
P-4,Pharma,196.51,1
P-4,Pharma,183.88,0
P-4,Pharma,230.44,1
P-1,Electronics,170.24,1
P-2,FMCG,136.47,1
P-2,FMCG,174.46,1
P-4,Pharma,429.55,0
P-3,Auto Parts,232.24,1
P-3,Auto Parts,116.7,1
P-2,FMCG,488.43,1
P-1,Electronics,305.96,1
P-3,Auto Parts,363.69,0
P-2,FMCG,123.66,0
P-1,Electronics,228.19,0
P-1,Electronics,304.6,0
P-3,Auto Parts,456.41,0
P-2,FMCG,157.36,1
P-4,Pharma,124.02,0
P-2,FMCG,395.13,0
P-3,Auto Parts,241.43,0
P-1,Electronics,481.92,0
P-2,FMCG,134.87,1
P-3,Auto Parts,324.19,1
P-1,Electronics,368.28,0
P-4,Pharma,376.31,0
P-1,Electronics,271.94,1
P-1,Electronics,402.36,1
P-4,Pharma,443.89,1
P-4,Pharma,494.73,0
P-4,Pharma,179.16,1
P-3,Auto Parts,436.29,0
P-2,FMCG,307.75,1
P-2,FMCG,203.24,0
P-3,Auto Parts,260.13,0
P-3,Auto Parts,247.95,0
P-1,Electronics,259.87,0
P-3,Auto Parts,135.8,1
P-1,Electronics,137.09,0
P-2,FMCG,363.25,1
P-3,Auto Parts,421.41,1
P-1,Electronics,450.51,1
P-2,FMCG,167.42,1
P-1,Electronics,426.45,0
P-2,FMCG,354.5,1
P-4,Pharma,225.35,0
P-2,FMCG,265.82,0
P-3,Auto Parts,129.19,1
P-1,Electronics,403.3,0
P-3,Auto Parts,283.4,1
P-1,Electronics,262.47,0
P-1,Electronics,222.98,1
P-2,FMCG,467.62,1
P-4,Pharma,446.09,1
P-2,FMCG,300.86,0
P-3,Auto Parts,186.68,0
P-4,Pharma,392.98,0
P-1,Electronics,124.74,0
P-2,FMCG,286.14,0
P-2,FMCG,157.03,1
P-1,Electronics,259.45,1
P-1,Electronics,316.14,1
P-4,Pharma,215.75,1
P-2,FMCG,341.29,0
P-4,Pharma,372.37,0
P-2,FMCG,431.54,1
P-4,Pharma,240.99,1
P-2,FMCG,228.15,1
P-4,Pharma,476.01,1
P-4,Pharma,339.36,0
P-4,Pharma,221.68,1
P-2,FMCG,217.05,1
P-3,Auto Parts,407.25,1
P-3,Auto Parts,490.67,0
P-3,Auto Parts,212.17,1
P-2,FMCG,301.76,0
P-1,Electronics,210.48,1
P-1,Electronics,384.06,1
P-1,Electronics,140.17,0
P-3,Auto Parts,442.46,1
P-1,Electronics,368.74,0
P-2,FMCG,382.85,0
P-3,Auto Parts,116.84,0
P-3,Auto Parts,259.77,1
P-2,FMCG,119.23,1
P-1,Electronics,123.83,0
P-2,FMCG,486.75,0
P-3,Auto Parts,398.86,1
P-1,Electronics,104.62,1
P-3,Auto Parts,203.16,1
P-3,Auto Parts,369.79,0
P-3,Auto Parts,149.39,1
P-4,Pharma,103.15,1
P-2,FMCG,125.16,0
P-4,Pharma,340.08,1
P-4,Pharma,306.01,0
P-4,Pharma,468.54,0
P-3,Auto Parts,375.67,0
P-2,FMCG,484.05,0
P-4,Pharma,266.8,0
P-3,Auto Parts,321.42,0
P-2,FMCG,383.44,1
P-4,Pharma,141.09,0
P-2,FMCG,132.65,1
P-3,Auto Parts,190.71,1
P-3,Auto Parts,245.72,1
P-3,Auto Parts,274.84,1
P-2,FMCG,105.51,1
P-1,Electronics,260.89,1
P-4,Pharma,322.24,1
P-4,Pharma,364.9,0
P-4,Pharma,331.31,1
P-1,Electronics,402.86,1
P-2,FMCG,299.86,0
P-1,Electronics,244.35,0
P-1,Electronics,171.66,1
P-2,FMCG,223.18,1
P-3,Auto Parts,138.9,1
P-3,Auto Parts,284.72,1
P-4,Pharma,327.05,1
P-2,FMCG,223.3,1
P-4,Pharma,369.42,1
P-3,Auto Parts,363.14,1
P-3,Auto Parts,462.85,1
P-1,Electronics,356.67,0
P-1,Electronics,388.65,0
P-4,Pharma,187.37,1
P-3,Auto Parts,469.81,1
P-4,Pharma,413.02,0
P-3,Auto Parts,336.76,1
P-4,Pharma,442.01,0
P-3,Auto Parts,476.58,0
P-2,FMCG,463.69,0
P-4,Pharma,298.38,0
P-2,FMCG,376.04,1
P-3,Auto Parts,198.28,1
P-4,Pharma,437.9,0
P-2,FMCG,464.1,0
P-4,Pharma,110.3,0
P-3,Auto Parts,423.1,0
P-1,Electronics,208.36,0
P-3,Auto Parts,301.78,0
P-3,Auto Parts,204.72,1
P-4,Pharma,215.24,1
P-1,Electronics,443.52,0
P-2,FMCG,305.73,0
P-3,Auto Parts,284.74,1
P-1,Electronics,410.61,0
P-3,Auto Parts,210.52,0
P-1,Electronics,496.84,1
P-2,FMCG,217.48,0
P-1,Electronics,448.14,0
P-4,Pharma,119.4,1
P-2,FMCG,477.45,0
P-1,Electronics,219.59,0
P-2,FMCG,404.65,0
P-4,Pharma,310.59,1
P-3,Auto Parts,346.02,0
P-2,FMCG,197.2,0
P-2,FMCG,181.5,0
P-3,Auto Parts,300.97,1
P-1,Electronics,114.57,1
P-3,Auto Parts,446.18,0
P-2,FMCG,317.37,0
P-2,FMCG,100.63,0
P-1,Electronics,233.5,0
P-1,Electronics,291.65,1
P-3,Auto Parts,144.09,1
P-2,FMCG,442.36,1
P-2,FMCG,476.07,1
P-2,FMCG,227.68,0
P-1,Electronics,209.06,1
P-3,Auto Parts,258.38,0
P-3,Auto Parts,342.72,0
P-4,Pharma,147.81,1
P-3,Auto Parts,236.4,0
P-2,FMCG,480.74,1
P-2,FMCG,498.01,0
P-4,Pharma,441.0,1
P-3,Auto Parts,264.27,0
P-4,Pharma,361.47,0
P-2,FMCG,413.96,1
P-4,Pharma,256.14,1
P-1,Electronics,240.68,0
P-3,Auto Parts,477.55,1
P-4,Pharma,436.94,0
P-1,Electronics,184.33,0
P-1,Electronics,194.17,0
P-2,FMCG,216.15,0
P-4,Pharma,374.26,1
P-4,Pharma,182.56,1
P-1,Electronics,280.28,1
P-4,Pharma,191.13,1
P-3,Auto Parts,145.89,0
P-1,Electronics,140.3,0
P-4,Pharma,463.44,1
P-2,FMCG,191.63,1
P-1,Electronics,143.34,1
P-2,FMCG,274.45,1
P-1,Electronics,378.66,1
P-1,Electronics,357.25,0
P-3,Auto Parts,213.8,0
P-3,Auto Parts,274.34,1
P-4,Pharma,479.77,1
P-4,Pharma,243.72,0
P-2,FMCG,351.89,0
P-2,FMCG,347.63,0
P-4,Pharma,433.02,0
P-3,Auto Parts,337.41,0
P-4,Pharma,291.24,0
P-1,Electronics,369.78,0
P-3,Auto Parts,363.45,1
P-4,Pharma,320.98,1
P-3,Auto Parts,138.51,1
P-3,Auto Parts,477.11,0
P-1,Electronics,453.41,0
P-2,FMCG,276.49,0
P-4,Pharma,121.54,0
P-3,Auto Parts,151.6,0
P-3,Auto Parts,356.61,1
P-2,FMCG,151.88,1
P-3,Auto Parts,328.49,1
P-4,Pharma,386.13,1
P-4,Pharma,345.89,0
P-2,FMCG,431.32,1
P-1,Electronics,406.89,0
P-3,Auto Parts,191.16,1
P-4,Pharma,243.62,1
P-3,Auto Parts,489.98,0
P-1,Electronics,246.82,1
P-1,Electronics,220.25,1
P-4,Pharma,410.62,1
P-3,Auto Parts,305.37,0
P-4,Pharma,407.12,1
P-2,FMCG,196.81,1
P-3,Auto Parts,129.22,0
P-1,Electronics,170.61,0
P-3,Auto Parts,367.23,1
P-3,Auto Parts,387.93,0
P-1,Electronics,479.6,0
P-3,Auto Parts,415.35,1
P-2,FMCG,113.57,0
P-1,Electronics,337.48,1
P-3,Auto Parts,392.46,1
P-1,Electronics,382.66,0
P-1,Electronics,283.97,0
P-2,FMCG,169.32,0
P-1,Electronics,257.66,0
P-2,FMCG,165.35,0
P-1,Electronics,276.94,0
P-4,Pharma,386.18,0
P-2,FMCG,481.5,1
P-4,Pharma,126.2,0
P-1,Electronics,306.88,1
P-2,FMCG,134.16,1
P-1,Electronics,478.43,1
P-3,Auto Parts,481.9,0
P-1,Electronics,335.08,0
P-1,Electronics,482.17,1
P-1,Electronics,204.32,1
P-3,Auto Parts,313.16,1
P-1,Electronics,315.19,1
P-2,FMCG,318.63,1
P-1,Electronics,402.74,0
P-2,FMCG,321.03,0
P-3,Auto Parts,466.75,1
P-2,FMCG,392.91,1
P-4,Pharma,413.57,0
P-1,Electronics,456.81,1
P-3,Auto Parts,302.36,1
P-1,Electronics,149.07,0
P-1,Electronics,144.19,1
P-4,Pharma,468.25,1
P-4,Pharma,334.45,0
P-3,Auto Parts,156.7,1
P-1,Electronics,155.88,1
P-4,Pharma,458.74,0
P-1,Electronics,141.74,1
P-2,FMCG,385.05,1
P-2,FMCG,127.32,1
P-2,FMCG,336.76,0
P-3,Auto Parts,425.28,1
P-1,Electronics,459.61,1
P-4,Pharma,494.16,0
P-2,FMCG,126.22,1
P-2,FMCG,109.78,1
P-1,Electronics,295.81,0
P-3,Auto Parts,262.51,1
P-2,FMCG,327.76,0
P-4,Pharma,159.22,0
P-2,FMCG,339.22,1
P-3,Auto Parts,162.52,0
P-1,Electronics,142.57,1
P-2,FMCG,472.73,1
P-3,Auto Parts,384.7,0
P-3,Auto Parts,143.29,1
P-4,Pharma,327.75,0
P-3,Auto Parts,435.67,1
P-2,FMCG,118.5,1
P-4,Pharma,113.17,1
P-3,Auto Parts,400.61,1
P-1,Electronics,184.14,1
P-2,FMCG,230.96,0
P-2,FMCG,201.33,0
P-4,Pharma,403.1,1
P-4,Pharma,209.23,1
P-2,FMCG,352.66,0
P-1,Electronics,245.52,0
P-2,FMCG,293.56,1
P-1,Electronics,362.46,0
P-1,Electronics,225.05,0
P-3,Auto Parts,362.72,0
P-1,Electronics,379.16,1
P-2,FMCG,390.22,1
P-2,FMCG,481.23,0
P-3,Auto Parts,133.47,1
P-3,Auto Parts,228.94,1
P-3,Auto Parts,323.65,0
P-1,Electronics,356.5,1
P-2,FMCG,458.16,1
P-1,Electronics,420.79,1
P-4,Pharma,223.16,0
P-1,Electronics,151.7,1
P-1,Electronics,366.19,0
P-3,Auto Parts,312.85,0
P-4,Pharma,112.01,1
P-2,FMCG,389.13,1
P-3,Auto Parts,442.76,0
P-4,Pharma,202.17,0
